"","area","location","timepoint","visibility","date","M_i_prop","M_iprop_SD","F_i_prop","F_iprop_SD","M_init","M_init_SD","F_init","F_init_SD","Mut_init","Mut_init_SD","MM","MM_SD","FF","FF_SD","behav_rep","behav_n","Nm","Nf","ASR","ASR_SD","Om","Om_SD","Of23","Of23_SD","Of3","Of3_SD","OSR23","OSR23_SD","OSR3","OSR3_SD","DME23","DME23_SD","DME3","DME3_SD","Census","transectlength","Density","timepoint2","Fcourtprop","Mcourtprop","FCproprel","MCproprel","FCtotrel","MCtotrel","Fagoproba","Magoproba","Fagoprobarel","Magoprobarel","FFprop23","MMprop","Fagoprobatotrel","Magoprobatotrel","ObsOmf","PropDME1_m","PropDME1_f","PropOSR1_m","PropOSR1_f","Propmm"
"1","Arendal","Badstuholmen",1,"good",2024-05-08,0.75,0.353553390593274,0.25,0.353553390593274,5,2.12132034355964,1,0.707106781186548,0,0,4,0,0,0,2,6,81,206,0.28092959671907,0.0251329819697201,0.28092959671907,0.0251329819697201,0.480861244019139,0.000483326576340756,0.169172932330827,0.0372161463782393,0.368434343434343,0.0210703535808112,0.625120540019286,0.0726199346155905,-0.199931647300068,0.0256163085460608,0.111756664388243,0.0623491283479594,287,115,1.24782608695652,"Early season",0.0413405991731553,0.206702995865777,0.00128920112769995,0.0280170001818027,775.674158604013,178.463074831528,0,0.283047314046859,0,0.0392295389949945,0,0.0198110075067127,382.813194465907,101.963981797247,0.270176310720254,0.65655592674381,0.34344407325619,0.57706045766947,0.42293954233053,0.128074174889407
"2","Arendal","Badstuholmen",2,"good",2024-06-23,0.25,0.353553390593274,0.75,0.353553390593274,3,2.12132034355964,8,1.4142135623731,1,0.707106781186548,1,0.707106781186548,5,0.707106781186548,2,11,61,432,0.123761561502255,0.0204351322827355,0.123761561502255,0.0204351322827355,0.602399526019552,0.0240892504699673,0.267716665020901,0.0221807301428781,0.170505617977528,0.0289993230486618,0.316258591065292,0.0536101146389286,-0.478637964517297,0.0445243827527028,-0.143955103518647,0.0426158624256137,493,115,2.14347826086957,"Mid season",0.203087680004089,0.0761578800015334,0.0063332624906233,0.0103226144783804,1263.17202418886,290.624047452626,0.02607742797091,0.123564134826956,0.00282048223955953,0.0171256316700972,0.00141123691459433,0.00859979406402034,1772.74649344391,58.3920067454263,0.149107811976796,0.0552521285306446,0.944747871469355,0.158403035990169,0.841596964009831,0.0649025699605584
"3","Arendal","Badstuholmen",3,"good",2024-07-23,0,0,1,0,0,0,6,1.4142135623731,0,0,0,0,0,0,2,6,8,31,0.205263157894737,0.00744322927564785,0.205263157894737,0.00744322927564785,0.564473684210526,0.0204688805080316,0.310526315789474,0.156307814788605,0.266666666666667,0,0.416666666666667,0.117851130197758,-0.35921052631579,0.0130256512323838,-0.105263157894737,0.148864585512957,39,115,0.169565217391304,"Late season",15.6612045551508,0,0.488392596562818,0,12.2851985108424,2.82651455748691,0,0,0,0,0,0,9.74092427828401,1.00516932812372,0.231731301939058,0.225905192497522,0.774094807502478,0.347152602540728,0.652847397459272,0.00906701167582005
"4","Kristineberg","Blabergsholmen",1,"medium",2024-04-27,1,NA,0,NA,3,0.957427107756338,0,0,2,1,5,1.5,0,0,4,3,78,307,0.20845216373202,0.0592033852162742,0.20845216373202,0.0592033852162742,0.399792065809081,0.100318839141858,0.0460869598272664,0.0432094669421728,0.341148459383753,0.0366889468871258,0.849879807692308,0.110451695394559,-0.191339902077061,0.0553269134342639,0.162365203904753,0.0278983425620105,385,80,2.40625,"Early season",0,0.0777157773912852,0,0.0105337754790669,1237.8503653784,284.798171933863,0,0.248419514521995,0,0.0344302261439048,0,0.0173659003188953,684.512223369081,145.221236105217,0.166675042321594,0.534171172892107,0.465828827107893,0.520940770377565,0.479059229622435,0.126491648214229
"5","Kristineberg","Blabergsholmen",2,"good",2024-06-07,0.125,0.176776695296637,0.875,0.176776695296637,2,1.4142135623731,10,1.4142135623731,0,0,0,0,3,0.707106781186548,2,12,25,145,0.147916666666667,0.0206239477846076,0.147916666666667,0.0206239477846076,0.7125,0.0176776695296637,0.414583333333333,0.0677643998637108,0.171549295774648,0.0163331707203653,0.263333333333333,0.00471404520791031,-0.564583333333333,0.00294627825494394,-0.266666666666667,0.0471404520791032,170,80,1.0625,"Mid season",1.05063086587271,0.210126173174542,0.0327637848548407,0.0284809855192204,305.215042898884,70.2222891356867,0.0654340276113704,0,0.00707721301911348,0,0.00354488963080402,0,423.895676433347,14.2569924824766,0.21078125,0.0344451956662112,0.965554804333789,0.160718394682495,0.839281605317505,0.0173132660178939
"6","Kristineberg","Blabergsholmen",3,"medium",2024-07-10,0,0,1,0,0,0,10,1.4142135623731,0,0,0,0,10,1.4142135623731,2,10,5,82,0.057027027027027,0.00420441869894704,0.057027027027027,0.00420441869894704,0.684324324324324,0.0504530243873644,0.399189189189189,0.0294309308926292,0.0769230769230769,1.38777878078145e-17,0.125,0,-0.627297297297297,0.0462486056884174,-0.342162162162162,0.0252265121936822,87,80,0.54375,"Late season",10.8334994240752,0,0.337841249372207,0,29.5997010980231,6.81014523102617,0.902791618672931,0,0.0976441284520341,0,0.0500758601088369,0,102.412711942145,0.555003629011617,0.0780499634769905,0.0103316062939349,0.989668393706065,0.0543132661326406,0.945686733867359,0.00807915785797373
"7","Ringstad","Dragan Hammaran",1,"good",2024-06-03,1,NA,0,NA,2,1.4142135623731,0,0,0,0,6,4.24264068711928,0,0,2,2,46,78,0.366596638655462,0.0638772932584486,0.366596638655462,0.0638772932584486,0.449579831932773,0.029710368957418,0.0976890756302521,0.0133696660308381,0.447619047619048,0.0269374011880589,0.786764705882353,0.0519931456754814,-0.0829831932773109,0.0341669243010306,0.26890756302521,0.0772469592892867,124,130,0.476923076923077,"Early season",0,0.410388015612391,0,0.055624936928772,156.27568671552,35.9550969479931,0,1.50985161044788,0,0.209261065868707,0,0.110764972500918,55.2579861358402,28.6723188333776,0.329628910387684,0.906269031362133,0.0937309686378673,0.722951072839877,0.277048927160123,0.0368838927810702
"8","Ringstad","Dragan Hammaran",2,"good",2024-06-22,NA,NA,NA,NA,0,0,0,0,0,0,0,0,0,0,2,0,8,1,0.928571428571429,0.101015254455221,0.928571428571429,0.101015254455221,0.0714285714285714,0.101015254455221,0,0,0.928571428571429,0.101015254455221,1,0,0.857142857142857,0.202030508910442,0.928571428571429,0.101015254455221,9,130,0.0346153846153846,"Mid season",0,0,0,0,0.331302754192049,0.0762244140241507,0,0,0,0,0,0,0.00734796347816096,0.969076678240653,0.13265306122449,0.99999937512544,6.24874560477848e-07,0.97596002842204,0.0240399715779601,0.00918866198740982
"9","Ringstad","Dragan Hammaran",3,"good",2024-07-16,NA,NA,NA,NA,0,0,0,0,0,0,1,0.707106781186548,0,0,2,0,15,15,0.495535714285714,0.0947018010517698,0.495535714285714,0.0947018010517698,0.0625,0.0883883476483184,0,0,0.909090909090909,0.128564869306645,1,0,0.433035714285714,0.00631345340345133,0.495535714285714,0.0947018010517698,30,130,0.115384615384615,"Late season",0,0,0,0,1.71889850432173,0.395475225005109,0,2.3529403277151,0,0.326110723395572,0,0.179092406781111,0.062508717088522,3.06644316871176,0.0619419642857143,0.999406317140491,0.000593682859509356,0.971402559079487,0.0285974409205126,0.0117538103587975
"10","Hitra","Feoya f4-5",1,"good",2024-05-16,1,NA,0,NA,5,1.5,0,0,0,0,1,0.5,0,0,4,5,67,207,0.221180500272938,0.0665996587584855,0.221180500272938,0.0665996587584855,0.571572351362416,0.0624039123871161,0.17712515068462,0.0978669888612691,0.275975422427035,0.0606304677493534,0.592948717948718,0.169159731593838,-0.350391851089478,0.0850814157752553,0.0440553495883182,0.0736373596682495,274,115,1.19130434782609,"Early season",0,0.242330825550112,0,0.0328460782827871,661.63341801499,152.225174553647,0,0.125245760450267,0,0.0173587001172818,0,0.0087173461203317,492.977506910063,57.6080002099024,0.252841317233038,0.262369190276264,0.737630809723736,0.375253780121145,0.624746219878855,0.0639556233889009
"11","Hitra","Feoya f4-5",2,"good",2024-06-10,0.761904761904762,0.134687005940295,0.238095238095238,0.134687005940295,8,2.82842712474619,2,0,1,0.707106781186548,0,0,0,0,2,10,39,97,0.30420054200542,0.119767408737559,0.30420054200542,0.119767408737559,0.536359530261969,0.103798420905884,0.19286359530262,0.0894263318573773,0.360613810741688,0.135634293066473,0.605769230769231,0.203973109957658,-0.232158988256549,0.223565829643443,0.1113369467028,0.209193740594936,136,115,0.591304347826087,"Mid season",0.304855493439558,1.21942197375823,0.0095068783178888,0.165283263154365,210.373997975409,48.4017549467697,0,0,0,0,0,0,106.948173943028,26.8463832397718,0.326321719630927,0.64022306262836,0.35977693737164,0.562601326603926,0.437398673396074,0.0317188680319716
"12","Hitra","Feoya f4-5",3,"good",2024-07-10,NA,NA,NA,NA,0,0,0,0,0,0,0,0,0,0,2,0,50,267,0.157728706624606,NA,0.157728706624606,NA,0.0536277602523659,NA,0.00315457413249211,NA,0.746268656716418,NA,0.980392156862745,NA,0.10410094637224,NA,0.154574132492114,NA,317,115,1.37826086956522,"Late season",0,0,0,0,59.2539332779338,13.6328366896656,0,0,0,0,0,0,5.80873275613563,39.212814099502,0.0169172745275602,0.890380851655433,0.109619148344567,0.944674517628534,0.0553254823714664,0.0435723039621574
"13","Ringstad","Finnoya",1,"good",2024-06-02,1,0,0,0,5,0.707106781186548,0,0,0,0,4,1.4142135623731,0,0,2,5,47,104,0.304071481208548,0.0465064703175382,0.304071481208548,0.0465064703175382,0.588338246131172,0.0788134861123546,0.208640383198231,0.0644837613646538,0.341898148148148,0.0644907573582175,0.595021037868163,0.111570144296615,-0.284266764922623,0.125319956429893,0.0954310980103169,0.110990231682192,151,140,0.539285714285714,"Early season",0,0.686438076320569,0,0.0930413980141732,233.574124061612,53.7395192539813,0,1.06253377605804,0,0.147264107916837,0,0.0765630004796414,130.305100568944,27.1620835285871,0.35779376390549,0.539526782010121,0.460473217989879,0.516546423303116,0.483453576696884,0.0375092187290094
"14","Ringstad","Finnoya",2,"medium",2024-06-24,NA,NA,NA,NA,0,0,0,0,0,0,0,0,0,0,2,0,38,161,0.190890688259109,0.00200394634344366,0.190890688259109,0.00200394634344366,0.513613360323887,0.0328504061300228,0.0954453441295547,0.00100197317172183,0.271279853031231,0.0147223702145393,0.666666666666667,1.11022302462516e-16,-0.322722672064777,0.0348543524734665,0.0954453441295547,0.00100197317172183,199,140,0.710714285714286,"Mid season",0,0,0,0,222.328568629668,51.1522003671629,0,0,0,0,0,0,172.477375646189,18.5923140634197,0.196088015702601,0.258332048638037,0.741667951361963,0.356879601716056,0.643120398283944,0.0279779193179704
"15","Ringstad","Finnoya",3,"good",2024-07-18,NA,NA,NA,NA,0,0,0,0,0,0,0,0,0,0,2,0,33,642,0.0483518525071659,0.00868901340341232,0.0483518525071659,0.00868901340341232,0.0306981846491383,0.0066809692691464,0.00298577444354011,0.000369079762995916,0.612554112554113,0.00918320495047465,0.94047619047619,0.0168358757425369,0.0176536678580275,0.00200804413426591,0.0453660780636257,0.00905809316640823,675,140,2.41071428571429,"Late season",0,0,0,0,38.7258911724072,8.90985156274504,0,0,0,0,0,0,7.08902147367891,13.7243437730876,0.00296862819278576,0.629026828612935,0.370973171387064,0.888187160188906,0.111812839811094,0.022922357010526
"16","Helligvaer","Gudmunholmen",1,"good",2024-05-23,1,0,0,0,4,0,0,0,0,0,0,0,0,0,2,4,30,38,0.442022667829119,0.0135626409643453,0.442022667829119,0.0135626409643453,0.40976460331299,0.0320571513702707,0.11333914559721,0.0690461721821215,0.519230769230769,0.0271964146610211,0.801136363636364,0.104458956311649,0.032258064516129,0.045619792334616,0.328683522231909,0.0826088131464667,68,240,0.141666666666667,"Early season",0,4.58494803154134,0,0.621454417219302,27.9757452073392,6.43651390861135,0,0,0,0,0,0,7.47750750516764,6.79018346517584,0.362250486276698,0.977995236759137,0.0220047632408634,0.812495461459894,0.187504538540105,0.0208145130659638
"17","Helligvaer","Gudmunholmen",2,"",2024-06-09,1,0,0,0,6,1.4142135623731,0,0,0,0,0,0,0,0,2,6,62,175,0.261846464064525,0.00325902592510004,0.261846464064525,0.00325902592510004,0.517175572519084,0.0242899275980112,0.191775889384992,0.0310625908486097,0.336301044634378,0.0132624491248189,0.578541374474053,0.0426445884867062,-0.255329108454559,0.0275489535231112,0.0700705746795333,0.0343216167737097,237,240,0.49375,"Mid season",0,0.757253124383337,0,0.10263983274483,254.077534557046,58.4568372682019,0,0,0,0,0,0,144.691444354659,28.9444112225851,0.270841189929337,0.513031759161609,0.486968240838391,0.506261131868059,0.493738868131941,0.0673649364066866
"18","Helligvaer","Gudmunholmen",3,"good",2024-07-10,NA,NA,NA,NA,0,0,0,0,0,0,1,0.707106781186548,0,0,2,0,46,222,0.182833133253301,0.0589114173041373,0.182833133253301,0.0589114173041373,0.0723889555822329,0.0275033129777241,0,0,0.718475073313783,0.0124417615458044,1,0,0.110444177671068,0.0314081043264133,0.182833133253301,0.0589114173041373,268,240,0.558333333333333,"Late season",0,0,0,0,31.7527729365322,7.30551279789861,0,0.399845157916136,0,0.0554173823102734,0,0.0281035972441679,3.62480260805693,18.0448797527309,0.0264701991240674,0.912633183079176,0.0873668169208237,0.935715562456377,0.0642844375436233,0.0420057469278078
"19","Ringstad","Hongvaeret",1,"good",2024-05-30,1,0,0,0,3,0.707106781186548,0,0,0,0,3,2.12132034355964,0,0,2,3,38,33,0.513478260869565,0.103913953061327,0.513478260869565,0.103913953061327,0.341304347826087,0.0830081873566817,0.145217391304348,0.0209057657046458,0.599404761904762,0.106907810965109,0.775757575757576,0.0599969390097676,0.172173913043478,0.186922140418009,0.368260869565217,0.124819718765973,71,110,0.322727272727273,"Early season",0,1.49414708353463,0,0.202520137338564,64.3848952352751,14.8133417220863,0,0.99314602927577,0,0.137647166921173,0,0.0713704543367002,12.3392580749327,21.7948546788327,0.350504725897921,0.995869498483872,0.00413050151612764,0.881263370287082,0.118736629712918,0.0264303281769161
"20","Ringstad","Hongvaeret",2,"medium",2024-06-30,NA,NA,NA,NA,0,0,0,0,0,0,0,0,0,0,2,0,14,52,0.233569261880688,0.1000960054258,0.233569261880688,0.1000960054258,0.191607684529828,0.0250240013564501,0,0,0.536931818181818,0.140617825804143,1,0,0.0419615773508595,0.125120006782251,0.233569261880688,0.1000960054258,66,110,0.3,"Mid season",0,0,0,0,14.2075729840954,3.26880447480451,0,0,0,0,0,0,3.3604885900935,3.89683847613402,0.0895073308925992,0.900630219501807,0.0993697804981925,0.841983660234079,0.158016339765921,0.0120003075415625
"21","Ringstad","Hongvaeret",3,"good",2024-07-20,NA,NA,NA,NA,0,0,0,0,0,0,0,0,0,0,2,0,9,45,0.166666666666667,0.0785674201318386,0.166666666666667,0.0785674201318386,0.0555555555555556,0.0261891400439462,0,0,0.75,0,1,0,0.111111111111111,0.0523782800878924,0.166666666666667,0.0785674201318386,54,110,0.245454545454545,"Late season",0,0,0,0,1.96773757035278,0.452726822688895,0,0,0,0,0,0,0.189117282246001,1.32824495758859,0.0185185185185185,0.902227400149201,0.0977725998507993,0.945686733867359,0.0543132661326406,0.00941509783399517
"22","Kristineberg","Katten",1,"medium",2024-04-29,1,NA,0,NA,6,1.09544511501033,0,0,0,0,2,0.547722557505166,0,0,5,6,94,514,0.158061713164409,0.0240101365368302,0.158061713164409,0.0240101365368302,0.365083502053977,0.139178432149372,0.0737481329586593,0.0815133111738898,0.31578710418166,0.073174297640652,0.761626445449975,0.253755548576667,-0.207021788889568,0.128125168645873,0.0843135802057497,0.067373273884779,608,110,2.76363636363636,"Early season",0,0.12375930896398,0,0.0167746218056518,1554.63866507962,357.683175782743,0,0.0952844747025132,0,0.0132061525775192,0,0.00662502174532265,1035.33353888248,151.444562544628,0.115411447565427,0.403312794620295,0.596687205379705,0.428618423126117,0.571381576873883,0.209725026481316
"23","Kristineberg","Katten",2,"bad",2024-06-09,0,0,1,0,0,0,10,4.24264068711928,1,0.707106781186548,0,0,1,0.707106781186548,2,10,28,220,0.113970588235294,0.0155979437026444,0.113970588235294,0.0155979437026444,0.687237394957983,0.0256251932257731,0.32405462184874,0.021540017494128,0.141935483870968,0.0121652779558976,0.259615384615385,0.0135982073305105,-0.573266806722689,0.0100272495231286,-0.210084033613445,0.00594207379148359,248,110,1.12727272727273,"Mid season",0.913376307624303,0,0.0284835195753112,0,351.080208804945,80.7747078858291,0.0151473182082135,0,0.00163830351792674,0,0.000819487538876507,0,610.387506989849,13.1003258519925,0.156649700321305,0.0247379006491101,0.97526209935089,0.118421835287422,0.881578164712578,0.0194627063414008
"24","Kristineberg","Katten",3,"good",2024-07-16,0,0,1,0,0,0,2,0,0,0,0,0,7,0.707106781186548,2,2,13,190,0.0639805825242718,0.00562939379197057,0.0639805825242718,0.00562939379197057,0.388883495145631,0.026705294939958,0.153252427184466,0.051968915860021,0.141196013289037,0.0023491919640749,0.304210526315789,0.090807397162904,-0.324902912621359,0.0210759011479874,-0.0892718446601942,0.0575983096519916,203,110,0.922727272727273,"Late season",0.858267949894939,0,0.0267649727145651,0,74.724529754952,17.1922310386218,0.494219205201018,0,0.0534537567230046,0,0.0270939185733314,0,130.954313207091,2.76618748804112,0.0497619851069846,0.110329616392281,0.889670383607719,0.117186407980779,0.882813592019221,0.0109485408624599
"25","Helligvaer","Kloverholmen",1,"medium",2024-05-24,NA,NA,NA,NA,0,0,0,0,0,0,0,0,0,0,2,0,58,89,0.418421052631579,0.115370053772542,0.418421052631579,0.115370053772542,0.422975708502024,0.0270532756364894,0.116497975708502,0.0287709439308696,0.492811960897067,0.0853895480443789,0.774910394265233,0.0902258115062406,-0.00455465587044535,0.142423329409031,0.301923076923077,0.144140997703412,147,150,0.49,"Early season",0,0,0,0,204.394150864132,47.0259428346044,0,0,0,0,0,0,59.5738486021412,45.4942288586408,0.35396388237801,0.964801916391166,0.0351980836088341,0.788190341831887,0.211809658168114,0.0660567223186129
"26","Helligvaer","Kloverholmen",2,"medium",2024-06-12,NA,NA,NA,NA,0,0,0,0,0,0,0,0,0,0,2,0,67,341,0.159229259323676,0.0388805949950513,0.159229259323676,0.0388805949950513,0.594926329912788,0.0139499287962362,0.244689045146222,0.0350329446091877,0.210398636244427,0.0445998376279477,0.393770941212306,0.0925075731098453,-0.435697070589112,0.0528305237912875,-0.0854597858225458,0.073913539604239,408,150,1.36,"Mid season",0,0,0,0,842.774197902816,193.90110277374,0,0,0,0,0,0,907.897543812878,50.752876210617,0.189459357728333,0.0987009544377677,0.901299045562232,0.229570205890287,0.770429794109713,0.0746932337591542
"27","Helligvaer","Kloverholmen",3,"good",2024-07-08,NA,NA,NA,NA,0,0,0,0,0,0,0,0,0,0,2,0,134,1020,0.117834160279058,0.00972576745287381,0.117834160279058,0.00972576745287381,0.0415832513861618,0.019578373046726,0.00300295009817645,0.00228535150441306,0.746153846153846,0.076149961050859,0.975970017636684,0.0165241002658232,0.0762509088928964,0.00985260559385215,0.114831210180882,0.00744041594846075,1154,150,3.84666666666667,"Late season",0,0,0,0,348.743492360402,80.2370883234434,0,0,0,0,0,0,35.4844958943286,222.355882444968,0.00979985501752271,0.825300549889529,0.174699450110471,0.942682816016408,0.0573171839835916,0.549281527582028
"28","Austevoll","Krabbavika",1,"good",2024-05-10,0.208333333333333,0.25,0.791666666666667,0.25,3,0.957427107756338,25,4.92442890089805,3,0.957427107756338,0,0,8,1.4142135623731,4,28,217,774,0.230805840296322,0.071804016625184,0.230805840296322,0.071804016625184,0.545720992333534,0.172586071940135,0.199065380308381,0.0656673116372829,0.305804471849248,0.132157210170188,0.535780885780886,0.159387472589136,-0.314915152037213,0.244390088565319,0.0317404599879404,0.137471328262467,991,55,9.00909090909091,"Early season",0.0444629144482603,0.00533554973379123,0.0013865701173665,0.000723192700887199,18030.1015339075,4148.27195617386,0.00601761000975799,0,0.000650852613841034,0,0.0003254792752998,0,12291.5692890709,1715.78967312042,0.251911184405768,0.337853492628565,0.662146507371435,0.417270545258531,0.582729454741469,0.976864893508221
"29","Austevoll","Krabbavika",2,"bad",2024-06-19,0,0,1,0,0,0,7,0.707106781186548,1,0.707106781186548,0,0,2,0,2,7,40,183,0.179372197309417,NA,0.179372197309417,NA,0.63677130044843,NA,0.233183856502242,NA,0.21978021978022,NA,0.434782608695652,NA,-0.457399103139013,NA,-0.0538116591928251,NA,223,55,2.02727272727273,"Mid season",0.27112676056338,0,0.0084550522357914,0,827.907362933612,190.480618731328,0.0218210672485618,0,0.00236012281163076,0,0.00118075850113442,0,847.413528712971,52.4738748676973,0.22843813469002,0.0975969298356533,0.902403070164347,0.24654642019112,0.75345357980888,0.0301479449178044
"30","Austevoll","Krabbavika",3,"medium",2024-07-21,0,0,1,0,0,0,2,0,0,0,0,0,8,0,2,2,6,116,0.0493927125506073,0.00458044878501407,0.0493927125506073,0.00458044878501407,0.113090418353576,0.0358801821492769,0.050472334682861,0.0278643967755023,0.3125,0.0883883476483184,0.514285714285714,0.121218305346265,-0.063697705802969,0.040460630934291,-0.00107962213225371,0.0232839479904882,122,55,1.10909090909091,"Late season",5.29229844488051,0,0.165039628349051,0,12.1183016467421,2.78811579530474,9.24573379869339,0,1,0,1,0,8,1.19088155529845,0.0111716850519322,0.471421196883574,0.528578803116426,0.432891458251558,0.567108541748442,0.00841187364392897
"31","Austevoll","Lamoya",1,"medium",2024-05-09,0.104166666666667,0.125,0.895833333333333,0.125,2,0.577350269189626,14,1.29099444873581,2,0.577350269189626,0,0,8,0.816496580927726,4,16,105,295,0.262694067351684,0.0548905361530096,0.262694067351684,0.0548905361530096,0.607177679441986,0.0911660209149985,0.227543188579715,0.0122155750343735,0.303571428571429,0.0757614408414158,0.533182820539746,0.0389825748317691,-0.344483612090302,0.146056557068008,0.0351508787719693,0.0426749611186361,400,90,2.22222222222222,"Early season",0.197489718572337,0.0282128169389053,0.00615869080238029,0.00382403019363954,2273.21040286502,523.008422717628,0.0488248490289745,0,0.00528079761888391,0,0.002643893896911,0,1514.92266459755,221.291047755116,0.319003948435544,0.342017516197113,0.657982483802887,0.428281852734805,0.571718147265195,0.272202205773548
"32","Austevoll","Lamoya",2,"good",2024-06-20,0,0,1,0,0,0,9,3.53553390593274,1,0.707106781186548,0,0,15,2.12132034355964,2,9,42,282,0.129403690712216,0.0129407981916098,0.129403690712216,0.0129407981916098,0.659829190178435,0.0380675146803189,0.252173249961873,0.0523023926910897,0.163773538612525,0.00581195538729052,0.341217114004783,0.0244283501340024,-0.530425499466219,0.025126716488709,-0.122769559249657,0.0393615944994799,324,90,1.8,"Mid season",0.361473781497238,0,0.0112725121565923,0,798.402332592445,183.692254855498,0.118151894757274,0,0.0127790716594037,0,0.00641008039503732,0,1173.79418472562,35.2311386133299,0.170768664897484,0.0388592592073617,0.961140740792638,0.148532079105459,0.851467920894541,0.0323775624529722
"33","Austevoll","Lamoya",3,"good",2024-07-20,NA,NA,NA,NA,0,0,0,0,0,0,0,0,0,0,2,0,1,38,0.0277777777777778,0.0392837100659193,0.0277777777777778,0.0392837100659193,0.329365079365079,0.072955461550993,0,0,0.0833333333333333,0.117851130197758,1,NA,-0.301587301587302,0.112239171616912,0.0277777777777778,0.0392837100659193,39,90,0.216666666666667,"Late season",0,0,0,0,1.23953231715299,0.285185146647513,0,0,0,0,0,0,4.2376316308912,0.0235216370995007,0.0182980599647266,0.100608996403557,0.899391003596443,0.054921618089647,0.945078381910353,0.00697384480498592
"34","Arendal","Langrumpa",1,"good",2024-05-07,1,0,0,0,7,3.53553390593274,0,0,5,0.707106781186548,1,0.707106781186548,0,0,2,7,65,241,0.212320574162679,0.0211455377149087,0.212320574162679,0.0211455377149087,0.510167464114832,0.0786614002994604,0.199547163362953,0.0434389760486268,0.295977011494253,0.0528298169852018,0.51765447667087,0.0793600296665861,-0.297846889952153,0.0998069380143691,0.0127734107997266,0.0645845137635355,306,90,1.7,"Early season",0,0.248457922664318,0,0.0336765591388754,903.444088043957,207.85971545173,0,0.0852855565523797,0,0.0118203314444012,0,0.0059277347417851,625.903317529025,84.5999965993896,0.216638097799959,0.335322205572736,0.664677794427264,0.409516888213252,0.590483111786748,0.0747052758772193
"35","Arendal","Langrumpa",2,"medium",2024-06-18,0.142857142857143,0.202030508910442,0.857142857142857,0.202030508910442,2,1.4142135623731,9,0.707106781186548,0,0,4,0,1,0.707106781186548,2,11,47,327,0.125668449197861,NA,0.125668449197861,NA,0.641711229946524,NA,0.342245989304813,NA,0.163763066202091,NA,0.268571428571429,NA,-0.516042780748663,NA,-0.216577540106952,NA,374,90,2.07777777777778,"Mid season",0.287234042553191,0.0638297872340425,0.00895735569826588,0.00865163638799823,1004.76081370112,231.170140572996,0.00625,0.651878678134903,0.000675987448490378,0.0903484991900153,0.000338050863438299,0.0462434792831115,1479.31740779094,44.2730099100756,0.161285710200463,0.0421686504951515,0.957831349504848,0.148236113736826,0.851763886263174,0.0390358568172689
"36","Arendal","Langrumpa",3,"good",2024-07-21,0.0454545454545455,0.0642824346533225,0.954545454545455,0.0642824346533225,1,0.707106781186548,21,0.707106781186548,1,0.707106781186548,0,0,3,0.707106781186548,2,22,65,219,0.232565772862698,0.0390278095155732,0.232565772862698,0.0390278095155732,0.353961520981669,0.0176749915006484,0.120941271524517,0.0129259533802722,0.395564042303173,0.0521397773436614,0.656862745098039,0.0138648388467951,-0.121395748118972,0.0567028010162217,0.111624501338181,0.026101856135301,284,90,1.57777777777778,"Late season",1.13863168175031,0.0542205562738242,0.0355080786806928,0.00734917908963259,591.414708434184,136.069619178377,0.106874715137641,0,0.0115593545590447,0,0.00579647685146722,0,259.530061533809,87.4322412200095,0.164638669381516,0.70875812223889,0.29124187776111,0.632485204927483,0.367514795072517,0.077605590095338
"37","Helligvaer","Litj-sorroy",1,"medium",2024-05-22,1,NA,0,NA,2,1.4142135623731,0,0,0,0,3,2.12132034355964,0,0,2,2,60,166,0.266237336055918,0.0199920239713467,0.266237336055918,0.0199920239713467,0.671169402340375,0.037207377946673,0.252218644467133,0.000166600199761208,0.28425851434701,0.0265473181459148,0.513157894736842,0.0186080731891196,-0.404932066284458,0.0571994019180196,0.014018691588785,0.0198254237715854,226,150,0.753333333333333,"Early season",0,0.131481078927472,0,0.0178212482929209,487.778693959636,112.225584152512,0,0.49718464624521,0,0.0689083538321796,0,0.0350690977236657,354.544956569664,43.5360857307119,0.357380707442688,0.247953329700528,0.752046670299472,0.386768524289384,0.613231475710616,0.0629700591639031
"38","Helligvaer","Litj-sorroy",2,"good",2024-06-13,1,NA,0,NA,1,0.707106781186548,0,0,0,0,0,0,0,0,2,1,34,124,0.220272265048384,0.0473182822247189,0.220272265048384,0.0473182822247189,0.672953911759882,0.0192520461992729,0.279153682138757,0.00626271382385983,0.245310245310245,0.034692107590682,0.438492063492063,0.0477016479371878,-0.452681646711497,0.028066236025446,-0.0588814170903723,0.0410555684008591,158,150,0.526666666666667,"Mid season",0,0.162140660143814,0,0.0219769185526304,197.771702985424,45.5022844811113,0,0,0,0,0,0,174.210750853032,14.5656004393088,0.29646616483304,0.134787572769394,0.865212427230606,0.302614219613558,0.697385780386442,0.0248513476078151
"40","Ringstad","Mikkelsoya",1,"good",2024-06-01,1,0,0,0,5,0.707106781186548,0,0,0,0,3,2.12132034355964,0,0,2,5,96,26,0.786796536796537,0.00153053415841243,0.786796536796537,0.00153053415841243,0.172619047619048,0.00841793787126843,0.066017316017316,0.0076526707920622,0.82010582010582,0.00748261144112757,0.922619047619048,0.00841793787126839,0.614177489177489,0.0099484720296809,0.720779220779221,0.00918320495047465,122,225,0.271111111111111,"Early season",0,2.22608476093445,0,0.301728656087345,72.0251875457839,16.571180426935,0,0.293034816535662,0,0.0406137779504727,0,0.0205173702155167,4.55612855347899,73.8665583797305,0.271632137703566,0.999986432126139,1.35678738610153e-05,0.961178003240453,0.0388219967595467,0.2090141780427
"41","Ringstad","Mikkelsoya",2,"good",2024-06-28,1,NA,0,NA,2,1.4142135623731,0,0,0,0,1,0.707106781186548,0,0,2,2,46,200,0.187255227348158,0.00572632109556979,0.187255227348158,0.00572632109556979,0.474078991038832,0.0551041062803191,0.0821772319946897,0.0190564456131257,0.283950617283951,0.0174594266959641,0.696969696969697,0.0428549564355484,-0.286823763690674,0.0493777851847493,0.105077995353468,0.0133301245175559,246,225,0.546666666666667,"Mid season",0,0.335056178564887,0,0.045414286215098,191.411688733344,44.0390054910761,0,0.42413527602099,0,0.058783922418934,0,0.0298370870925512,139.723838994367,17.0114541332122,0.177547538495924,0.310764356702145,0.689235643297855,0.384773256736889,0.615226743263112,0.0377167556026473
"42","Ringstad","Mikkelsoya",3,"good",2024-07-19,NA,NA,NA,NA,0,0,0,0,0,0,0,0,0,0,2,0,16,120,0.118907103825137,0.0173105922388838,0.118907103825137,0.0173105922388838,0.0579234972677596,0.0123647087420598,0.00666666666666667,0.00942809041582063,0.671328671328671,0.0791168426502431,0.944444444444444,0.0785674201318387,0.0609836065573771,0.0296753009809436,0.11224043715847,0.0267386826547044,136,225,0.302222222222222,"Late season",0,0,0,0,4.53893511248466,1.04429457607898,0,0,0,0,0,0,0.637508887342561,2.09650905922972,0.013775030607065,0.808319221937332,0.191680778062668,0.919317630258623,0.0806823697413772,0.0123477066448023
"43","Kristineberg","Pittleholmen",1,"good",2024-04-30,0.916666666666667,NA,0.0833333333333333,NA,9,1.78885438199983,1,0.447213595499958,0,0,7,2.07364413533277,0,0,5,10,139,549,0.209749196216922,0.0572325210218384,0.209749196216922,0.0572325210218384,0.286715810219806,0.0814108800846442,0.0178420211017448,0.0165513889185382,0.424699919755701,0.0494629696543988,0.930628792536971,0.054929447414567,-0.076966614002884,0.0549217276279595,0.191907175115178,0.0475154782205118,688,125,2.752,"Early season",0.0175647179726255,0.158082461753629,0.000547753411197401,0.021426860995122,1825.63901850283,420.033527171756,0,0.168070138286336,0,0.0232940350131936,0,0.0117156456834873,719.534364937055,300.506116524476,0.120276821472576,0.74312232285417,0.25687767714583,0.679631983390429,0.320368016609571,0.626224959461281
"44","Kristineberg","Pittleholmen",2,"good",2024-06-06,0.166666666666667,0.235702260395516,0.833333333333333,0.235702260395516,1,0.707106781186548,3,0.707106781186548,2,1.4142135623731,0,0,0,0,2,4,42,220,0.160454943132109,0.00692878035808341,0.160454943132109,0.00692878035808341,0.73928258967629,0.0544404170992268,0.457509477981919,0.0234258764487582,0.178787878787879,0.0171419825742193,0.259893048128342,0.0181503344903499,-0.578827646544182,0.0613691974573102,-0.29705453484981,0.0303546568068416,262,125,1.048,"Mid season",0.184215045175026,0.061405015058342,0.00574472186492051,0.00832297718205452,522.218493869853,120.149314136789,0,0,0,0,0,0,693.737100078631,25.5026090713722,0.237243091770134,0.0339941438200945,0.966005856179905,0.171011100282726,0.828988899717274,0.0325124358686078
"45","Kristineberg","Pittleholmen",3,"medium",2024-07-12,0,0,1,0,0,0,17,3.53553390593274,0,0,0,0,2,1.4142135623731,2,17,7,67,0.0942350332594235,0.0047035927795114,0.0942350332594235,0.0047035927795114,0.513673318551367,0.00209048567978283,0.279748706577975,0.0527847634145168,0.155,0.00707106781186548,0.254010695187166,0.0264692377984269,-0.419438285291944,0.00679407845929419,-0.185513673318551,0.0480811706350054,74,125,0.296,"Late season",32.066834479823,0,1,0,17,3.9112715545353,0.692089952801936,0,0.0748550594112651,0,0.0381554488438712,0,26.7183008834673,0.7017203073972,0.0968120445163331,0.0690338459889821,0.930966154011018,0.135564215467361,0.864435784532639,0.00871940408350403
"46","Kristineberg","Rodberget",1,"good",2024-05-01,1,0,0,0,4,0,0,0,0,0,2,1,0,0,4,4,134,642,0.175361534268149,0.0505151580666961,0.175361534268149,0.0505151580666961,0.45548968786939,0.0427951694596733,0.0425386943994652,0.0106430800502649,0.273122113280933,0.0463316424518401,0.797365923113431,0.056732076131541,-0.280128153601242,0.0203477627915996,0.132822839868683,0.0494448838558658,776,110,3.52727272727273,"Early season",0,0.0365911736545238,0,0.00495965196168164,3505.41743017948,806.50820479019,0,0.0475215455208896,0,0.00658634875017932,0,0.00329861480490523,2625.24143036513,303.658381276204,0.159750741016193,0.301928150969773,0.698071849030227,0.372899846622838,0.627100153377162,0.550227007362135
"47","Kristineberg","Rodberget",2,"bad",2024-06-11,0,0,1,0,0,0,9,0.707106781186548,0,0,0,0,2,1.4142135623731,2,9,33,120,0.214871794871795,0.0587442556678055,0.214871794871795,0.0587442556678055,0.608974358974359,0.0815892439830631,0.37974358974359,0.0475030709412501,0.261904761904762,0.0785674201318386,0.360493230174081,0.0919785900092753,-0.394102564102564,0.140333499650869,-0.164871794871795,0.106247326609056,153,110,0.695454545454545,"Mid season",1.29280762749546,0,0.0403160351954576,0,223.23623730277,51.3610320531656,0.101368214441281,0,0.01096378250211,0,0.00549699975420381,0,182.418795667928,17.7229022371523,0.261702827087442,0.192500116197777,0.807499883802223,0.333988594711231,0.666011405288769,0.0231268973008322
"48","Kristineberg","Rodberget",3,"bad",2024-07-14,NA,NA,NA,NA,0,0,0,0,0,0,0,0,2,0,2,0,4,35,0.0992063492063492,0.0617315443893018,0.0992063492063492,0.0617315443893018,0.615079365079365,0.0056119585808456,0.408730158730159,0.0280597929042281,0.135416666666667,0.0736569563735987,0.1875,0.0883883476483184,-0.515873015873016,0.0561195858084561,-0.30952380952381,0.0336717514850737,39,110,0.177272727272727,"Late season",0,0,0,0,6.76399461128314,1.55622468930246,1.52929455879908,0,0.16540542828685,0,0.0864385232984315,0,12.0915015952896,0.245471630212785,0.122039556563366,0.0344451956662112,0.965554804333789,0.11417566421129,0.88582433578871,0.00775133818810978
"49","Austevoll","Saltkjaerholmane",1,"good",2024-05-11,0,0,1,0,0,0,50,7.32575365861197,1,0.5,0,0,8,0.816496580927726,4,50,80,236,0.253376076938489,0.0157544127565506,0.253376076938489,0.0157544127565506,0.531717090763374,0.00532703165149556,0.249549188539371,0.033577300569267,0.32258064516129,0.011404948083654,0.504676601141408,0.0492105068073707,-0.278341013824885,0.010427381105055,0.00382688839911842,0.0493317133258177,316,95,1.66315789473684,"Early season",1.412320321864,0,0.0440430227920582,0,1135.25359592294,261.193240995135,0.107680776488309,0,0.0116465365359672,0,0.00584032295408754,0,686.899489414227,121.72159016462,0.269448780997541,0.450235433271279,0.549764566728721,0.475978376305412,0.524021623694588,0.125702947091044
"50","Austevoll","Saltkjaerholmane",2,"good",2024-06-17,0,0,1,0,0,0,18,5.65685424949238,0,0,0,0,5,0.707106781186548,2,18,38,159,0.193737060041408,0.0180802665582896,0.193737060041408,0.0180802665582896,0.662784679089027,0.0618535434888854,0.30315734989648,0.0785430203119219,0.226190476190476,0,0.393803418803419,0.0401902572212866,-0.469047619047619,0.0437732769305958,-0.109420289855072,0.0604627537536323,197,95,1.03684210526316,"Mid season",1.37258258269934,0,0.0428038066421242,0,420.523346217666,96.751823651715,0.11144901312516,0,0.0120541014430797,0,0.00604532369080313,0,414.796575556491,27.6579571381156,0.256811910334392,0.0995276044652249,0.900472395534775,0.259504850483872,0.740495149516128,0.0281645466896026
"52","Arendal","St Helena",1,"good",2024-05-09,0.75,0.353553390593274,0.25,0.353553390593274,6,1.4142135623731,2,1.4142135623731,2,1.4142135623731,1,0.707106781186548,1,0.707106781186548,2,8,93,512,0.154330412462383,0.00780771560922479,0.154330412462383,0.00780771560922479,0.546667551779076,0.0154902574211073,0.173670118605063,0.0014864388434396,0.220094615904483,0.00382305986674411,0.47037037037037,0.0104756560175785,-0.392337139316693,0.00768254181188259,-0.0193397061426801,0.00632127676578519,605,120,2.52083333333333,"Early season",0.0310874908432052,0.0932624725296157,0.000969459297978601,0.0126410103485599,2063.00564053608,474.645604627919,0.00438817455749716,0.0550588903348903,0.000474616147624464,0.00763100293916277,0.000237336238057217,0.00382280840161908,2106.96581859925,131.044373586588,0.168734857491732,0.129650350120771,0.870349649879229,0.2473019156205,0.7526980843795,0.192943215985633
"53","Arendal","St Helena",2,"medium",2024-06-16,0,0,1,0,0,0,13,0.707106781186548,0,0,0,0,8,4.24264068711928,2,13,31,305,0.0922619047619048,NA,0.0922619047619048,NA,0.729166666666667,NA,0.357142857142857,NA,0.11231884057971,NA,0.205298013245033,NA,-0.636904761904762,NA,-0.264880952380952,NA,336,120,1.4,"Mid season",0.821593153390388,0,0.0256212740271369,0,507.390849738033,116.737846918345,0.0639733444398168,0,0.00691922846068286,0,0.00346561948956459,0,1156.19827347202,14.4453471673549,0.134548611111111,0.0126528044839896,0.98734719551601,0.0843727535940817,0.915627246405918,0.021561560375067
"54","Arendal","St Helena",3,"good",2024-07-19,0,0,1,0,0,0,6,1.4142135623731,0,0,0,0,1,0.707106781186548,2,6,22,58,0.271929824561403,0.0868376748825585,0.271929824561403,0.0868376748825585,0.389097744360902,0.045191034887862,0.162280701754386,0.00620269106303989,0.408045977011494,0.105659633970404,0.619047619047619,0.0673435029701474,-0.117167919799499,0.13202870977042,0.109649122807018,0.0806349838195186,80,120,0.333333333333333,"Late season",4.25301542776999,0,0.13262972465979,0,45.2387277089707,10.4082911089097,0.495386123363439,0,0.0535799682479986,0,0.0271587838953361,0,18.6636915380657,7.11374437296639,0.211614562722596,0.775232288872946,0.224767711127054,0.660053484773953,0.339946515226047,0.015240318844666
"55","Hitra","Steinrenningen s-8",1,"good",2024-05-17,0,0,1,0,0,0,2,0,0,0,1,0.707106781186548,0,0,2,2,7,30,0.190909090909091,0.0128564869306645,0.190909090909091,0.0128564869306645,0.562121212121212,0.0407122086137709,0.281818181818182,0.115708382375981,0.254010695187166,0.0264692377984269,0.416666666666667,0.117851130197758,-0.371212121212121,0.0535686955444354,-0.0909090909090909,0.128564869306645,37,90,0.205555555555556,"Early season",4.90086189802078,0,0.152832731310117,0,13.0862020383693,3.01080528173975,0,7.21515779430837,0,1,0,1,11.1096986958026,1,0.214628099173554,0.191170221428101,0.808829778571899,0.317768710069773,0.682231289930227,0.0087492701031859
"56","Hitra","Steinrenningen s-8",2,"good",2024-06-09,0,NA,1,NA,0,0,1,0.707106781186548,3,2.12132034355964,0,0,2,1.4142135623731,2,1,33,208,0.135757701339964,0.0307204147925362,0.135757701339964,0.0307204147925362,0.57383616521619,0.032039097144521,0.149813510153336,0.0114285803838688,0.191358024691358,0.0436485667399103,0.472835314091681,0.0756328136073896,-0.438078463876226,0.0627595119370571,-0.014055808813372,0.0421489951764049,241,90,1.33888888888889,"Mid season",0.0795638929114174,0,0.00248118949693897,0,403.032497612009,92.7276202037157,0.0376463243903204,0,0.00407175084314461,0,0.00203795204584289,0,491.189190362003,21.453905810137,0.15580535747098,0.0817678507886266,0.918232149211373,0.193019384084857,0.806980615915143,0.0229910362616536
"57","Hitra","Steinrenningen s-8",3,"bad",2024-07-11,NA,NA,NA,NA,0,0,0,0,2,0,0,0,0,0,2,0,27,190,0.129295532646048,0.0650003656245366,0.129295532646048,0.0650003656245366,0.0652491408934708,0.00978042884630877,0.00515463917525773,0.00728976063078915,0.64828431372549,0.0849221379366197,0.972222222222222,0.0392837100659192,0.0640463917525773,0.0552199367782278,0.12414089347079,0.0577106049937474,217,90,1.20555555555556,"Late season",0,0,0,0,35.3859919615851,8.14142492872722,0,0,0,0,0,0,5.1488228272421,15.7771966844113,0.0168728448530367,0.82444172123073,0.17555827876927,0.915916521875181,0.0840834781248192,0.0193118623865972
"58","Helligvaer","Store-kvannoya",1,"good",2024-05-21,1,0,0,0,3,0.707106781186548,0,0,0,0,4,2.82842712474619,0,0,2,3,38,11,0.775252525252525,0.00357124636962905,0.775252525252525,0.00357124636962905,0.183501683501683,0.00238083091308601,0.0597643097643098,0.0202370627612312,0.808608058608059,0.00129506736481044,0.928743961352657,0.0222038361242153,0.591750841750842,0.00119041545654304,0.715488215488216,0.0166658163916021,49,210,0.116666666666667,"Early season",0,7.37777044381903,0,1,13.039237825577,3,0,2.32841687550134,0,0.322711843854349,0,0.177024814380378,0.889885980997799,12.3949587725864,0.28452028704554,0.999982195240361,1.78047596392761e-05,0.959042406162624,0.0409575938373758,0.0279780511017536
"59","Helligvaer","Store-kvannoya",2,"good",2024-06-08,1,0,0,0,5,0.707106781186548,0,0,0,0,6,0,0,0,2,5,79,166,0.322362278244631,0.00429149773829373,0.322362278244631,0.00429149773829373,0.542717086834734,0.00693241942339758,0.189775910364146,0.100024908823307,0.372638146167558,0.000126043989516322,0.641433747412008,0.128282053212156,-0.220354808590103,0.00264092168510385,0.132586367880486,0.104316406561601,245,210,0.583333333333333,"Mid season",0,0.399944206595768,0,0.0542093589982641,400.89134873047,92.2349958087515,0,0.807997347141342,0,0.111986095131381,0,0.0576551030176801,194.599292939622,53.5780803229264,0.349903033108668,0.693399296395265,0.306600703604735,0.585069836815616,0.414930163184384,0.121202707612941
"60","Helligvaer","Store-kvannoya",3,"good",2024-07-11,1,NA,0,NA,2,1.4142135623731,0,0,0,0,0,0,0,0,2,2,61,227,0.213065376259135,0.0116617452555949,0.213065376259135,0.0116617452555949,0.038564092435315,0.00342170968577334,0,0,0.846875,0.00441941738241599,1,0,0.17450128382382,0.00824003556982152,0.213065376259135,0.0116617452555949,288,210,0.685714285714286,"Late season",0,2.46506462686917,0,0.334120537585222,26.0170334929924,5.98586370791372,0,0,0,0,0,0,1.35772965859071,32.3427754551225,0.0164333457296449,0.95691473700451,0.0430852629954902,0.965646570936376,0.0343534290636239,0.0657154513920281
"61","Arendal","Sven Johnsens",1,"bad",2024-05-06,0.75,0.353553390593274,0.25,0.353553390593274,6,2.82842712474619,1,0.707106781186548,3,2.12132034355964,1,0.707106781186548,0,0,2,7,84,131,0.379685725104127,0.053146798964608,0.379685725104127,0.053146798964608,0.485658841347974,0.03554275850152,0.21256152972359,0.0157298460411623,0.437920955648748,0.0165342035504289,0.63953488372093,0.049333031245573,-0.105973116243847,0.017604040463088,0.167124195380538,0.0688766450057703,215,105,1.02380952380952,"Early season",0.0492738845610066,0.29564330736604,0.00153659958521976,0.0400721748687267,650.787628487473,149.729831726267,0,0.0630265930541622,0,0.00873530348897986,0,0.00437723182370919,240.011258085207,114.477991664693,0.368795458660872,0.899320825659579,0.100679174340421,0.706693009115186,0.293306990884814,0.13242850796639
"62","Arendal","Sven Johnsens",2,"medium",2024-06-19,0,0,1,0,0,0,5,0.707106781186548,0,0,0,0,0,0,2,5,13,263,0.0475399462110426,0.0095086341403032,0.0475399462110426,0.0095086341403032,0.65796551178611,0.0315462920890059,0.290697674418605,0.0602959270779226,0.067627729489082,0.0155902279506892,0.144289044289044,0.0497776801674446,-0.610425565575067,0.041054926229309,-0.243157728207562,0.0698045612182258,276,105,1.31428571428571,"Mid season",0.881331544389156,0,0.0274842078641627,0,181.922652626988,41.8558174320908,0,0,0,0,0,0,725.966397181677,2.95754988928192,0.0625592900780655,0.0109534713226339,0.989046528677366,0.0478835208547254,0.952116479145275,0.0110037153711187
"63","Arendal","Sven Johnsens",3,"medium",2024-07-20,0,0,1,0,0,0,4,0,0,0,0,0,0,0,2,4,8,103,0.0735006518904824,0.0320364545583214,0.0735006518904824,0.0320364545583214,0.459582790091265,0.00276573708417165,0.17470664928292,0.0792844630795868,0.136206896551724,0.0512042841548879,0.297058823529412,0.00415945165403854,-0.386082138200782,0.0292707174741498,-0.101205997392438,0.0472480085212654,111,105,0.528571428571429,"Late season",4.03653177779042,0,0.12587871061393,0,31.7766203712398,7.31099949160572,0,0,0,0,0,0,57.2882514716436,1.14347028319667,0.0675592693387094,0.0758124927095332,0.924187507290467,0.112919817493452,0.887080182506548,0.00911981564437256
"64","Hitra","Teistholmen 10",1,"good",2024-05-18,0.625,0.530330085889911,0.375,0.530330085889911,4,1.4142135623731,3,2.12132034355964,2,0,1,0.707106781186548,2,1.4142135623731,2,7,32,89,0.258078231292517,0.0475012208450147,0.258078231292517,0.0475012208450147,0.546343537414966,0.00661409404171089,0.260487528344671,0.0933990249526449,0.319736842105263,0.0427985683349753,0.503703703703704,0.13618352822852,-0.288265306122449,0.0541153148867256,-0.00240929705215417,0.14090024579766,121,95,0.636842105263158,"Early season",0.552226097218336,0.736301462957781,0.0172210979404844,0.0997999962949026,174.204920636762,40.0801618086263,0.173904664597421,0.389681787438529,0.0188091792802857,0.0540087685602561,0.0094492336484141,0.0273791944237756,106.331061562917,18.5155119558841,0.281998747628303,0.439917570550254,0.560082429449746,0.471619174430906,0.528380825569094,0.0217457553108121
"65","Hitra","Teistholmen 10",2,"medium",2024-06-12,1,NA,0,NA,3,1,0,0,0,0,1,0.577350269189626,0,0,3,3,23,184,0.112761743067346,0.0230099829757931,0.112761743067346,0.0230099829757931,0.640209394453877,0.0994431438171234,0.19368986983588,0.0610264765879731,0.152090301003344,0.045997414361466,0.375506072874494,0.121668170851936,-0.527447651386531,0.122453126792917,-0.0809281267685342,0.0840364595637662,207,95,1.08947368421053,"Mid season",0,0.368536355853278,0,0.0499522665634077,261.033957468686,60.0573348597086,0,0.697460062833996,0,0.0966659472623291,0,0.0495611262486836,427.30951638932,10.3449045741644,0.144382254493418,0.0349761212718393,0.965023878728161,0.128308355742848,0.871691644257152,0.0161782039434644
"66","Hitra","Teistholmen 10",3,"medium",2024-07-06,NA,NA,NA,NA,0,0,0,0,0,0,0,0,0,0,2,0,62,192,0.24394430669464,0.00134866828378132,0.24394430669464,0.00134866828378132,0.0871320490813148,0.0307046812607548,0,0,0.74009324009324,0.0675789697637494,1,0,0.156812257613326,0.0293560129769735,0.24394430669464,0.00134866828378132,254,95,1.33684210526316,"Late season",0,0,0,0,115.720030893262,26.62426265428,0,0,0,0,0,0,11.9173879331951,72.8972329591007,0.0425107346080494,0.961061409816076,0.0389385901839241,0.942011434795292,0.0579885652047079,0.0671353356590726
"67","Hitra","Teistholmen 13",1,"good",2024-05-20,0.916666666666667,0.117851130197758,0.0833333333333333,0.117851130197758,6,2.82842712474619,1,0.707106781186548,1,0.707106781186548,0,0,2,0,2,7,59,159,0.270642201834862,NA,0.270642201834862,NA,0.660550458715596,NA,0.399082568807339,NA,0.29064039408867,NA,0.404109589041096,NA,-0.389908256880734,NA,-0.128440366972477,NA,218,100,1.09,"Early season",0.0470809792843691,0.282485875706215,0.0014682141236608,0.0382887862745684,681.099564351441,156.703844226716,0.0385802469135802,0,0.00417276202771838,0,0.00208856205959762,0,479.298840124266,62.7899107049686,0.357545661139635,0.278055317669761,0.721944682330239,0.402046181048099,0.597953818951901,0.0603830133870241
"68","Hitra","Teistholmen 13",2,"good",2024-06-11,1,0,0,0,9,0.707106781186548,0,0,1,0.707106781186548,0,0,0,0,2,9,62,188,0.248076923076923,0.0027196414661021,0.248076923076923,0.0027196414661021,0.571474358974359,0.0185842166850311,0.162820512820513,0.041701169146899,0.30278732340588,0.00917969857210487,0.606788710907704,0.0641843683914562,-0.323397435897436,0.0213038581511332,0.0852564102564103,0.0444208106130011,250,100,1.25,"Mid season",0,0.40629302586443,0,0.0550698925858849,710.328486944559,163.428682668373,0,0,0,0,0,0,471.796711539013,69.3806865148193,0.283539201183432,0.353757286847822,0.646242713152178,0.429915102817467,0.570084897182533,0.0672728217804531
"69","Hitra","Teistholmen 13",3,"bad",2024-07-05,NA,NA,NA,NA,0,0,0,0,0,0,0,0,0,0,2,0,43,222,0.161809990875912,0.0189115579594258,0.161809990875912,0.0189115579594258,0.226990191605839,0.133187368741969,0.0221544251824818,0.0202825451036059,0.440359477124183,0.123628146383923,0.888793103448276,0.0865596232142153,-0.065180200729927,0.114275810782543,0.139655565693431,0.00137098714418012,265,100,1.325,"Late season",0,0,0,0,206.776067449263,47.5739618101749,0,0,0,0,0,0,83.6348581421179,33.1656304152816,0.073458561665325,0.684177776838829,0.315822223161171,0.668627354202061,0.331372645797939,0.0335382812468772
"70","Austevoll","Ternholmen",1,"good",2024-05-12,0.0833333333333333,0.166666666666667,0.916666666666667,0.166666666666667,4,2,23,2.21735578260835,2,1,0,0,13,1.25830573921179,4,27,117,442,0.204822078715884,0.0331012940832896,0.204822078715884,0.0331012940832896,0.605523665258179,0.1386157796227,0.251355337638523,0.138878861153875,0.257602040816327,0.0743905195309521,0.47004593175853,0.181555697820404,-0.400701586542294,0.171717073705989,-0.0465332589226394,0.171980155237165,559,80,3.49375,"Early season",0.189909332845532,0.0330277100600925,0.0059222974742027,0.00447665189796771,3883.62795016412,893.524913522068,0.0363084302200812,0,0.00392704689650619,0,0.00196545495484279,0,3310.37554238678,295.578614984702,0.248049231659683,0.172639335034496,0.827360664965504,0.316087408693118,0.683912591306882,0.348989357414503
"71","Austevoll","Ternholmen",2,"good",2024-06-18,0,0,1,0,0,0,12,4.24264068711928,1,0.707106781186548,1,0.707106781186548,15,4.94974746830583,2,12,66,282,0.189655172413793,NA,0.189655172413793,NA,0.706896551724138,NA,0.275862068965517,NA,0.211538461538462,NA,0.407407407407407,NA,-0.517241379310345,NA,-0.0862068965517241,NA,348,80,2.175,"Mid season",0.236511456023651,0,0.00737557853340554,0,1626.99101442002,374.329627893268,0.0793178663493952,0.0734618916437099,0.00857886113491657,0.0101816056887432,0.00429866984869232,0.00510382737128956,1748.4838330054,98.2163354750227,0.268133174791914,0.0678186810572933,0.932181318942707,0.230347654179553,0.769652345820447,0.0774724973849179
"72","Austevoll","Ternholmen",3,"medium",2024-07-19,0,0,1,0,0,0,4,0,0,0,0,0,2,1.4142135623731,2,4,14,225,0.0585774058577406,NA,0.0585774058577406,NA,0.205020920502092,NA,0.0418410041841004,NA,0.222222222222222,NA,0.583333333333333,NA,-0.146443514644351,NA,0.0167364016736402,NA,239,80,1.49375,"Late season",1.86588921282799,0,0.0581875087795784,0,68.7432764161206,15.816095388937,0.26655560183257,0,0.0288301185861786,0,0.014520481484358,0,69.3718964083213,4.41928414901388,0.0240191873391572,0.331163179768857,0.668836820231143,0.251447129304663,0.748552870695337,0.0113754245392405
"73","Austevoll","Tipatiskaeret",1,"good",2024-05-08,0.348717948717949,0.256717764323771,0.651282051282051,0.256717764323771,14,3,26,3.3166247903554,11,2.06155281280883,1,0.5,12,4.24264068711928,4,40,257,650,0.286542690973071,0.0530442401858771,0.286542690973071,0.0530442401858771,0.526440545427887,0.007361015805324,0.199721421240409,0.00397425735968198,0.351003247764381,0.0391666122070228,0.586913086913087,0.0402648217059273,-0.239897854454816,0.0456832243805531,0.0868212697326621,0.0490699828261951,913,80,5.70625,"Early season",0.066167253130397,0.0356285209163676,0.00206341705390442,0.0048291717921661,12600.4580367321,2899.04782901094,0.0166222958765486,0.00467551821243881,0.00179783414042244,0.000648013300017785,0.000899321459755242,0.000324059157177592,6674.69803258955,1543.17820324452,0.301695381048476,0.592222008748965,0.407777991251035,0.542321175680019,0.457678824319981,0.993307149075715
"74","Austevoll","Tipatiskaeret",2,"medium",2024-06-21,0.125,0.176776695296637,0.875,0.176776695296637,2,1.4142135623731,13,0.707106781186548,0,0,0,0,8,2.82842712474619,2,15,62,273,0.185074626865672,NA,0.185074626865672,NA,0.543283582089552,NA,0.125373134328358,NA,0.254098360655738,NA,0.596153846153846,NA,-0.358208955223881,NA,0.0597014925373134,NA,335,80,2.09375,"Mid season",0.368663594470046,0.0567174760723148,0.0114967255249973,0.00768761735055497,1130.75675084476,260.158630275168,0.0772853520106268,0,0.00835902846581509,0,0.00418828509894253,0,957.04901983725,86.6720830041293,0.201096012474939,0.200195228894682,0.799804771105318,0.319043725009103,0.680956274990897,0.0672267120400151
"75","Austevoll","Tipatiskaeret",3,"good",2024-07-23,NA,NA,NA,NA,0,0,0,0,0,0,0,0,7,0.707106781186548,2,0,12,131,0.0842498036135114,0.00749877576277957,0.0842498036135114,0.00749877576277957,0.124607227022781,0.0284675746549965,0.0215043205027494,0.0118036285154864,0.407239819004525,0.0767898766899418,0.803571428571429,0.0757614408414158,-0.0403574234092694,0.0359663504177761,0.062745483110762,0.00430485275270679,143,80,0.89375,"Late season",0,0,0,0,21.5124718652098,4.94947760436094,7.05487755497786,0,0.763041388448244,0,0.513216052491707,0,9.1738142989013,3.27269644335427,0.020996268810987,0.586893766267593,0.413106233732407,0.645426338670598,0.354573661329402,0.010566082254336
"76","Kristineberg","Tjallsoholmen",1,"good",2024-04-28,1,0,0,0,9,1.25830573921179,0,0,2,1,1,0.5,0,0,4,9,132,362,0.266291038480479,0.0161199538917016,0.266291038480479,0.0161199538917016,0.445338243235209,0.104106053244876,0.0753830953787388,0.0301236442580025,0.380454127640692,0.065028683638576,0.783047239063417,0.0774694964172155,-0.17904720475473,0.112558831174523,0.19090794310174,0.0397241755000406,494,145,1.70344827586207,"Early season",0,0.180372390979769,0,0.0244480893453228,1600.03151674569,368.126926929846,0,0.0335166800060517,0,0.00464531489976437,0,0.00232536110200954,771.520149098582,215.270659057091,0.237179166532352,0.667733252781364,0.332266747218636,0.588278801357827,0.411721198642173,0.507080914240466
"77","Kristineberg","Tjallsoholmen",2,"medium",2024-06-04,0.166666666666667,0.235702260395516,0.833333333333333,0.235702260395516,1,0.707106781186548,5,0.707106781186548,0,0,0,0,1,0.707106781186548,2,6,42,207,0.169800235017626,0.0146794592255727,0.169800235017626,0.0146794592255727,0.695554249902076,0.0101094389006303,0.336858597728163,0.0459771741782087,0.196057910343625,0.0113472569107208,0.335809426229508,0.0112296671192535,-0.52575401488445,0.00457002032494237,-0.167058362710537,0.0312977149526361,249,145,0.858620689655172,"Mid season",0.396031753011254,0.0792063506022508,0.01235019793614,0.0107358112054853,404.851810946985,93.1461983505319,0.0193360287124177,0,0.00209134603411903,0,0.00104622030552337,0,478.160946914386,22.2378659578749,0.236210550201763,0.0548039425257832,0.945196057474217,0.201738945497528,0.798261054502472,0.0328035329464891
"78","Kristineberg","Tjallsoholmen",3,"good",2024-07-11,0,0,1,0,0,0,15,9.19238815542512,0,0,0,0,7,2.12132034355964,2,15,23,230,0.0921217827997489,0.0255233144496086,0.0921217827997489,0.0255233144496086,0.49654739485248,0.0310718610690887,0.198524795982423,0.0188650585062324,0.156702898550725,0.0448346690969731,0.31390977443609,0.0398744425481136,-0.404425612052731,0.0565951755186973,-0.106403013182674,0.00665825594337616,253,145,0.872413793103448,"Late season",2.9713592870795,0,0.0926614471081993,0,161.879621656294,37.2444211437176,0.257254852730924,0,0.0278241682414953,0,0.0140102273560315,0,251.57984739183,6.75746104070642,0.0914856625167625,0.0759682716669093,0.924031728333091,0.137650001065188,0.862349998934812,0.0161570029781883
"79","Helligvaer","Tjonnoyskaeret",1,"medium",2024-05-25,1,0,0,0,11,0.707106781186548,0,0,0,0,6,1.4142135623731,0,0,2,11,75,66,0.531951817068191,0.000433099294315992,0.531951817068191,0.000433099294315992,0.410473662719477,0.0102500166321447,0.183646386280114,0.00880635231775815,0.56448275862069,0.00633957803822428,0.743421052631579,0.00930403659455979,0.121478154348714,0.0106831159264607,0.348305430788077,0.00923945161207414,141,155,0.454838709677419,"Early season",0,1.57104475080065,0,0.212943024286809,224.522680909177,51.6570103051806,0,0.661241528546546,0,0.0916461631744439,0,0.0469240130894305,49.9526478924509,65.4691892401354,0.436704421484524,0.994661404460026,0.00533859553997412,0.854800803099363,0.145199196900637,0.105932781040363
"80","Helligvaer","Tjonnoyskaeret",2,"medium",2024-06-15,1,NA,0,NA,1,0.707106781186548,0,0,0,0,0,0,0,0,2,1,105,701,0.130160098522167,0.0214396169369616,0.130160098522167,0.0214396169369616,0.440166256157635,0.0532681303019472,0.119002463054187,0.0198024731578597,0.227711901624945,0.00776357906441093,0.522425583266291,0.000426653327345101,-0.310006157635468,0.0318285133649856,0.0111576354679803,0.00163714377910184,806,155,2.6,"Mid season",0,0.0166581585544403,0,0.00225788518107069,1924.99275205155,442.89231728152,0,0,0,0,0,0,1876.9524514975,128.079600686184,0.114584166535223,0.1917361300342,0.8082638699658,0.263670384668092,0.736329615331908,0.270927443641482
"81","Helligvaer","Tjonnoyskaeret",3,"good",2024-07-12,NA,NA,NA,NA,0,0,0,0,0,0,0,0,0,0,2,0,46,823,0.0599268039901542,0.0231625793008186,0.0599268039901542,0.0231625793008186,0.0345964503173986,0.00786895614767773,0.00161290322580645,0.0022809896167308,0.627586206896552,0.0390127879275337,0.96551724137931,0.0487659849094171,0.0253303536727555,0.0152936231531408,0.0583139007643477,0.0254435689175494,869,155,2.80322580645161,"Late season",0,0,0,0,80.9760543448053,18.6305492916083,0,0,0,0,0,0,13.4788342037818,31.5599226417856,0.00414650939385171,0.664197702032798,0.335802297967202,0.900967293172371,0.0990327068276285,0.0470023536428713
"82","Arendal","Tvillingeholmen",1,"good",2024-05-10,0.666666666666667,NA,0.333333333333333,NA,4,2.82842712474619,2,1.4142135623731,5,3.53553390593274,0,0,0,0,2,6,106,289,0.268354430379747,NA,0.268354430379747,NA,0.465822784810127,NA,0.136708860759494,NA,0.36551724137931,NA,0.6625,NA,-0.19746835443038,NA,0.131645569620253,NA,395,100,1.975,"Early season",0.0410172272354389,0.0820344544708778,0.0012791168165117,0.0111191389181273,1563.57884923617,359.740086840616,0,0,0,0,0,0,782.558908721409,202.673782442122,0.250011216151258,0.638091115511895,0.361908884488105,0.570239478332288,0.429760521667712,0.279242740365649
"83","Arendal","Tvillingeholmen",2,"medium",2024-06-20,0,0,1,0,0,0,5,0.707106781186548,1,0.707106781186548,0,0,14,0,2,5,22,425,0.0492170022371365,NA,0.0492170022371365,NA,0.548098434004474,NA,0.201342281879195,NA,0.0823970037453184,NA,0.196428571428571,NA,-0.498881431767338,NA,-0.152125279642058,NA,447,100,2.235,"Mid season",0.371057513914657,0,0.011571379586848,0,432.100594615615,99.4154567304613,0.0932944606413994,0,0.0100905415051625,0,0.00505806275198273,0,1387.43792816643,8.73034093111313,0.0539515237051384,0.0266665842409484,0.973333415759052,0.0583042680899067,0.941695731910093,0.0153818640681283
"84","Arendal","Tvillingeholmen",3,"medium",2024-07-22,0,NA,1,NA,0,0,10,7.07106781186548,0,0,0,0,2,0,2,10,10,100,0.0866666666666667,0.0659966329107444,0.0866666666666667,0.0659966329107444,0.441666666666667,0.0824957911384305,0.165,0.0212132034355964,0.166069295101553,0.130100889250571,0.32620320855615,0.204191263016436,-0.355,0.148492424049175,-0.0783333333333333,0.0872098363463409,110,100,0.55,"Late season",8.63630366203265,0,0.269321989592292,0,37.1302767187273,8.54274089070484,0.338934181453357,0,0.0366584404042927,0,0.0185003517088215,0,54.5576947066684,1.6393640192868,0.0765555555555556,0.104643121588498,0.895356878411502,0.148646370851862,0.851353629148138,0.00960714385036361
"85","Ringstad","Varholmen",1,"good",2024-05-28,1,NA,0,NA,3,2.12132034355964,0,0,0,0,1,0.707106781186548,0,0,2,3,118,190,0.384966216216216,0.0671273667275067,0.384966216216216,0.0671273667275067,0.410810810810811,0.0554218828497565,0.158952702702703,0.00501663594760727,0.483193277310924,0.0772469592892867,0.705316091954023,0.0428734283995292,-0.0258445945945946,0.122549249577263,0.226013513513514,0.072144002675114,308,115,1.33913043478261,"Early season",0,0.0919841863349062,0,0.0124677484933092,1045.83741263103,240.620830746621,0,0.0327198392813356,0,0.00453487508022991,0,0.00227001402194482,321.787162528901,220.513240675486,0.316296566837107,0.946494108306984,0.0535058916930164,0.771463801601134,0.228536198398866,0.385147356412771
"86","Ringstad","Varholmen",2,"medium",2024-06-19,1,0,0,0,4,0,0,0,0,0,1,0.707106781186548,0,0,2,4,26,171,0.130538302277433,0.0308901720145676,0.130538302277433,0.0308901720145676,0.745755693581781,0.00936953084802053,0.220962732919255,0.051166422365362,0.148313090418354,0.0284369528736291,0.371231696813092,0.00121809953692774,-0.615217391304348,0.0215206411665471,-0.0904244306418219,0.0202762503507944,197,115,0.856521739130435,"Mid season",0,0.487024526511742,0,0.0660124261415267,263.369360138785,60.5946521557054,0,0.695583800354993,0,0.0964059027099449,0,0.0494243337376792,433.819591700823,10.372808841474,0.19469936430779,0.020283952774888,0.979716047225112,0.127242796640422,0.872757203359578,0.0176880201068414
"87","Ringstad","Varholmen",3,"good",2024-07-17,NA,NA,NA,NA,0,0,0,0,0,0,2,1.4142135623731,0,0,2,0,60,936,0.0589491150021502,0.0170339192405148,0.0589491150021502,0.0170339192405148,0.0431786093488958,0.0106509087447011,0,0,0.575757575757576,0.0107137391088872,1,0,0.0157705056532544,0.00638301049581378,0.0589491150021502,0.0170339192405148,1026,115,4.46086956521739,"Late season",0,0,0,0,186.783676879955,42.9742166018871,0,0.251500311261432,0,0.0348572156605952,0,0.0175831921534502,39.4471450367531,57.3769293415172,0.00509068161628195,0.645142967723948,0.354857032276052,0.864771869304223,0.135228130695777,0.06367777975997
"88","Hitra","Vegshiftholmane 6",1,"good",2024-05-19,0.65,0.212132034355964,0.35,0.212132034355964,5,2.12132034355964,2,0,0,0,1,0.707106781186548,1,0.707106781186548,2,7,30,55,0.349662162162162,0.0358331139114804,0.349662162162162,0.0358331139114804,0.506756756756757,0.00955549704306143,0.215371621621622,0.0394164253026285,0.407834101382488,0.0293270093579674,0.619047619047619,0.0673435029701473,-0.157094594594595,0.0453886109545419,0.134290540540541,0.0752495392141089,85,80,0.53125,"Early season",0.499912430559038,1.24978107639759,0.0155897031518216,0.169398205855624,128.289806452556,29.5162512185131,0.172469788542868,0.362255384463071,0.018653985967803,0.0502075484404282,0.00937089986605122,0.0254270414383684,53.6078456221643,19.9173238101141,0.354387326515705,0.823543290169537,0.176456709830463,0.654449462788392,0.345550537211608,0.0205541552232209
"89","Hitra","Vegshiftholmane 6",2,"good",2024-06-07,0.25,0.353553390593274,0.75,0.353553390593274,1,0.707106781186548,2,0,2,1.4142135623731,1,0.707106781186548,0,0,2,3,54,250,0.177748917748918,0.0126116014653185,0.177748917748918,0.0126116014653185,0.615281385281385,0.0161012193464989,0.227229437229437,0.0274883934850874,0.223997795839647,0.00779288366096209,0.439522546419098,0.0123790577077751,-0.437532467532468,0.00348961788118038,-0.0494805194805195,0.0148767920197689,304,80,1.9,"Mid season",0.0633216270417577,0.0316608135208788,0.0019746765799911,0.00429137959251683,1012.82408484787,233.025296047865,0,0.109594530582623,0,0.0151894849297788,0,0.00762380365598192,1010.84862888234,65.8350170939313,0.218731200689642,0.111227029998558,0.888772970001442,0.255324648643468,0.744675351356533,0.0504731328688193
"90","Hitra","Vegshiftholmane 6",3,"bad",2024-07-12,NA,NA,NA,NA,0,0,0,0,2,1.4142135623731,0,0,0,0,2,0,30,141,0.176458447991194,0.0189716321314498,0.176458447991194,0.0189716321314498,0.0407264722069345,0.00389161684747687,0,0,0.81140350877193,0.0310134553151994,1,0,0.13573197578426,0.0228632489789266,0.176458447991194,0.0189716321314498,171,80,1.06875,"Late season",0,0,0,0,21.0580222448872,4.84492020007053,0,0,0,0,0,0,1.40131965171017,20.5292454037059,0.0143730601555843,0.923968017948911,0.0760319820510893,0.959779137782932,0.0402208622170678,0.0209057438720562
